Periods,Primal,Termination
1,FEASIBLE_POINT,OPTIMAL
2,FEASIBLE_POINT,OPTIMAL
3,FEASIBLE_POINT,OPTIMAL
4,FEASIBLE_POINT,OPTIMAL
5,FEASIBLE_POINT,OPTIMAL
6,FEASIBLE_POINT,OPTIMAL
7,FEASIBLE_POINT,OPTIMAL
8,FEASIBLE_POINT,OPTIMAL
9,FEASIBLE_POINT,OPTIMAL
10,FEASIBLE_POINT,OPTIMAL
11,FEASIBLE_POINT,OPTIMAL
12,FEASIBLE_POINT,OPTIMAL
13,FEASIBLE_POINT,OPTIMAL
14,FEASIBLE_POINT,OPTIMAL
15,FEASIBLE_POINT,OPTIMAL
16,FEASIBLE_POINT,OPTIMAL
17,FEASIBLE_POINT,OPTIMAL
18,FEASIBLE_POINT,OPTIMAL
19,FEASIBLE_POINT,OPTIMAL
20,FEASIBLE_POINT,OPTIMAL
21,FEASIBLE_POINT,OPTIMAL
22,FEASIBLE_POINT,OPTIMAL
23,FEASIBLE_POINT,OPTIMAL
24,FEASIBLE_POINT,OPTIMAL
25,FEASIBLE_POINT,OPTIMAL
26,FEASIBLE_POINT,OPTIMAL
27,FEASIBLE_POINT,OPTIMAL
28,FEASIBLE_POINT,OPTIMAL
29,FEASIBLE_POINT,OPTIMAL
30,FEASIBLE_POINT,OPTIMAL
31,FEASIBLE_POINT,OPTIMAL
32,FEASIBLE_POINT,OPTIMAL
33,FEASIBLE_POINT,OPTIMAL
34,FEASIBLE_POINT,OPTIMAL
35,FEASIBLE_POINT,OPTIMAL
36,FEASIBLE_POINT,OPTIMAL
37,FEASIBLE_POINT,OPTIMAL
38,FEASIBLE_POINT,OPTIMAL
39,FEASIBLE_POINT,OPTIMAL
40,FEASIBLE_POINT,OPTIMAL
41,FEASIBLE_POINT,OPTIMAL
42,FEASIBLE_POINT,OPTIMAL
43,FEASIBLE_POINT,OPTIMAL
44,FEASIBLE_POINT,OPTIMAL
45,FEASIBLE_POINT,OPTIMAL
46,FEASIBLE_POINT,OPTIMAL
47,FEASIBLE_POINT,OPTIMAL
48,FEASIBLE_POINT,OPTIMAL
49,FEASIBLE_POINT,OPTIMAL
50,FEASIBLE_POINT,OPTIMAL
51,FEASIBLE_POINT,OPTIMAL
52,FEASIBLE_POINT,OPTIMAL
53,FEASIBLE_POINT,OPTIMAL
54,FEASIBLE_POINT,OPTIMAL
55,FEASIBLE_POINT,OPTIMAL
56,FEASIBLE_POINT,OPTIMAL
57,FEASIBLE_POINT,OPTIMAL
58,FEASIBLE_POINT,OPTIMAL
59,FEASIBLE_POINT,OPTIMAL
60,FEASIBLE_POINT,OPTIMAL
61,FEASIBLE_POINT,OPTIMAL
62,FEASIBLE_POINT,OPTIMAL
63,FEASIBLE_POINT,OPTIMAL
64,FEASIBLE_POINT,OPTIMAL
65,FEASIBLE_POINT,OPTIMAL
66,FEASIBLE_POINT,OPTIMAL
67,FEASIBLE_POINT,OPTIMAL
68,FEASIBLE_POINT,OPTIMAL
69,FEASIBLE_POINT,OPTIMAL
70,FEASIBLE_POINT,OPTIMAL
71,FEASIBLE_POINT,OPTIMAL
72,FEASIBLE_POINT,OPTIMAL
73,FEASIBLE_POINT,OPTIMAL
74,FEASIBLE_POINT,OPTIMAL
75,FEASIBLE_POINT,OPTIMAL
76,FEASIBLE_POINT,OPTIMAL
77,FEASIBLE_POINT,OPTIMAL
78,FEASIBLE_POINT,OPTIMAL
79,FEASIBLE_POINT,OPTIMAL
80,FEASIBLE_POINT,OPTIMAL
81,FEASIBLE_POINT,OPTIMAL
82,FEASIBLE_POINT,OPTIMAL
83,FEASIBLE_POINT,OPTIMAL
84,FEASIBLE_POINT,OPTIMAL
85,FEASIBLE_POINT,OPTIMAL
86,FEASIBLE_POINT,OPTIMAL
87,FEASIBLE_POINT,OPTIMAL
88,FEASIBLE_POINT,OPTIMAL
89,FEASIBLE_POINT,OPTIMAL
90,FEASIBLE_POINT,OPTIMAL
91,FEASIBLE_POINT,OPTIMAL
92,FEASIBLE_POINT,OPTIMAL
93,FEASIBLE_POINT,OPTIMAL
94,FEASIBLE_POINT,OPTIMAL
95,FEASIBLE_POINT,OPTIMAL
96,FEASIBLE_POINT,OPTIMAL
